Year,Team,Batting_R/G,Batting_G,Pitching_W,Pitching_L,Pitching_W-L%,Batting_BA,Batting_OBP,Batting_SLG,Batting_OPS,Pitching_ERA,Pitching_RA9,Pitching_WHIP,FIP,Batting_BatAge,Batting_PA,Batting_AB,Batting_R,Batting_H,Batting_2B,Batting_3B,Batting_HR,Batting_RBI,Batting_SB,Batting_CS,Batting_BB,Batting_SO,Batting_TB,Batting_HBP,Batting_SH,Batting_SF,Pitching_PAge,Pitching_R/G,Pitching_G,Pitching_GS,Pitching_GF,Pitching_CG,Pitching_SV,Pitching_IP,Pitching_H,Pitching_R,Pitching_ER,Pitching_HR,Pitching_BB,Pitching_SO,Pitching_H9,Pitching_HR9,Pitching_BB9,Pitching_SO9,Pitching_SO/W,Pitching_IP_decimal
2021,Evansville Otters,5.23,96,53,38,0.582,0.262,0.34,0.393,0.732,3.66,4.33,1.243,4.191,25.4,3640,3184,502,834,171,16,71,461,105,34,321,825,1250,75,19,41,25,4.16,96,95,93,2,31,829.1,740,399,337,84,291,843,8,0.9,3.2,9.1,2.9,829.3333333333334
2021,Florence Y'Alls,5.48,95,57,36,0.613,0.269,0.355,0.409,0.764,4.47,5.08,1.383,4.393,25.8,3588,3083,521,829,171,14,78,470,157,48,350,682,1262,82,31,42,24.6,4.84,95,95,93,2,30,814.2,867,460,405,83,260,713,9.6,0.9,2.9,7.9,2.74,814.6666666666666
2021,Gateway Grizzlies,4.51,95,33,55,0.375,0.257,0.333,0.409,0.742,5.64,6.43,1.606,5.557,25.4,3505,3109,428,799,161,11,97,390,77,38,300,793,1273,63,13,20,24.7,6.04,95,95,93,2,19,803.1,819,574,503,108,471,754,9.2,1.2,5.3,8.4,1.6,803.3333333333334
2021,Joliet Slammers,4.06,95,35,54,0.393,0.237,0.319,0.346,0.665,4.87,5.55,1.488,4.542,23.8,3545,3114,386,738,139,13,58,354,70,32,317,833,1077,71,16,27,24.5,5.32,95,95,94,1,20,818.2,811,505,443,58,407,749,8.9,0.6,4.5,8.2,1.84,818.6666666666666
2021,Lake Erie Crushers,4.06,96,40,51,0.44,0.241,0.316,0.368,0.683,4.05,4.82,1.432,4.198,25.6,3482,3095,390,745,154,16,69,345,109,23,295,798,1138,54,15,23,25.6,4.54,96,96,96,0,25,814.1,819,436,366,57,347,787,9.1,0.6,3.8,8.7,2.27,814.3333333333334
2021,New Jersey Jackals,5.29,95,38,56,0.404,0.28,0.356,0.434,0.789,5.99,6.95,1.682,5.513,25.6,3559,3111,503,870,175,23,86,462,71,31,340,614,1349,49,20,39,25.5,6.44,95,95,93,2,15,792,909,612,527,104,423,668,10.3,1.2,4.8,7.6,1.58,792
2021,New York Boulders,5.58,95,41,51,0.446,0.27,0.358,0.431,0.79,5.73,6.37,1.587,4.936,25.9,3662,3140,530,847,168,15,103,476,159,28,401,723,1354,56,23,42,24.7,5.97,95,95,94,1,15,801,882,567,510,86,389,730,9.9,1,4.4,8.2,1.88,801
2021,Schaumburg Boomers,5.23,96,50,44,0.532,0.262,0.343,0.407,0.75,4.01,4.72,1.359,4.17,25.2,3682,3220,502,844,150,29,86,460,122,26,355,763,1310,58,19,30,24.6,4.54,96,95,88,7,18,831,839,436,370,71,290,768,9.1,0.8,3.1,8.3,2.65,831
2021,Southern Illinois Miners,4.92,96,50,39,0.562,0.266,0.344,0.396,0.739,3.71,4.32,1.214,4.113,25.3,3596,3144,472,837,153,13,76,444,46,12,335,621,1244,54,30,33,25.9,4.06,96,96,88,8,22,812.1,705,390,335,65,281,757,7.8,0.7,3.1,8.4,2.69,812.3333333333334
2021,Sussex County Miners,5.47,95,48,44,0.522,0.281,0.373,0.424,0.797,5.03,5.9,1.492,4.702,26.2,3499,2952,520,829,155,26,72,454,141,61,389,657,1252,70,42,46,25.1,5.42,95,95,91,4,30,785.1,872,515,439,77,300,613,10,0.9,3.4,7,2.04,785.3333333333334
2021,Tri-City Valley Cats,4.91,96,48,45,0.516,0.278,0.341,0.451,0.791,5.25,5.74,1.538,5.328,26.5,3394,3054,471,848,156,15,114,443,57,28,267,711,1376,36,14,23,24.7,5.18,96,96,92,4,26,779.2,832,497,455,93,367,596,9.6,1.1,4.2,6.9,1.62,779.6666666666666
2021,Washington WildThings,4.95,96,56,39,0.589,0.274,0.355,0.415,0.77,3.67,4.18,1.286,4.342,25.5,3547,3058,475,839,147,23,79,429,107,54,342,659,1269,65,36,46,25.4,3.92,96,96,91,5,25,809.1,773,376,330,84,268,760,8.6,0.9,3,8.5,2.84,809.3333333333334
2021,Windy City ThunderBolts,4.77,96,43,49,0.467,0.244,0.337,0.36,0.697,4.19,5.04,1.36,4.314,24.5,3651,3148,458,768,136,37,52,406,204,62,378,773,1134,78,15,32,25.2,4.84,96,96,92,4,27,831,828,465,387,67,302,711,9,0.7,3.3,7.7,2.35,831
2021,Équipe Québec,5.77,96,50,41,0.549,0.284,0.359,0.431,0.789,4.87,5.38,1.469,4.757,25.6,3709,3242,554,921,191,24,79,521,144,39,334,676,1397,67,22,44,25.3,4.99,96,96,91,5,21,801.1,849,479,434,82,328,675,9.5,0.9,3.7,7.6,2.06,801.3333333333334
2022,Aigles de Trois-Rivières,6.28,95,45,50,0.474,0.282,0.365,0.461,0.825,6.56,7.54,1.777,6.041,27,3652,3155,597,890,194,23,108,553,85,30,340,740,1454,93,23,41,25.4,7.04,95,95,91,4,23,799,980,669,582,125,440,655,11,1.4,5,7.4,1.49,799
2022,Capitales de Québec,5.64,96,62,34,0.646,0.275,0.352,0.44,0.792,3.5,4.04,1.251,4.518,26.1,3693,3235,541,889,145,21,116,499,92,22,323,720,1424,78,25,32,26.1,3.9,96,96,91,5,20,832.2,749,374,324,87,293,787,8.1,0.9,3.2,8.5,2.69,832.6666666666666
2022,Empire State Greys,3.38,96,6,90,0.063,0.226,0.297,0.324,0.621,9.2,10.28,2.069,7.271,24.9,3527,3153,324,713,123,21,48,291,70,25,266,871,1022,61,25,22,24.2,8.92,96,96,94,2,0,749.2,1045,856,766,160,506,571,12.5,1.9,6.1,6.9,1.13,749.6666666666666
2022,Evansville Otters,5.16,95,52,43,0.547,0.257,0.343,0.415,0.758,3.94,4.88,1.378,4.63,25.3,3624,3138,490,806,141,27,100,452,124,26,325,869,1301,104,26,31,25.6,4.69,95,95,92,3,24,822.2,745,446,360,78,389,829,8.2,0.9,4.3,9.1,2.13,822.6666666666666
2022,Florence Y'Alls,5.84,95,38,56,0.404,0.275,0.357,0.435,0.792,5.19,5.81,1.481,5.21,26.4,3707,3234,555,890,168,14,107,509,73,40,330,792,1407,95,22,26,25,5.6,95,95,94,1,12,824.2,899,532,476,130,322,827,9.8,1.4,3.5,9,2.57,824.6666666666666
2022,Gateway Grizzlies,5.46,96,47,49,0.49,0.262,0.348,0.43,0.778,5.04,5.64,1.393,5.462,26.9,3727,3233,524,847,163,13,118,477,93,33,354,851,1390,87,23,30,26.1,5.49,96,96,93,3,21,840.1,849,527,471,155,322,874,9.1,1.7,3.4,9.4,2.71,840.3333333333334
2022,Joliet Slammers,5.01,96,49,46,0.516,0.252,0.339,0.408,0.747,4.01,4.53,1.311,4.39,24.7,3674,3208,481,810,167,12,103,446,78,19,344,828,1310,91,3,28,25.2,4.38,96,96,93,3,22,834,746,420,372,69,347,804,8.1,0.7,3.7,8.7,2.32,834
2022,Lake Erie Crushers,4.71,96,49,47,0.51,0.261,0.343,0.395,0.738,4.57,5.28,1.451,4.86,24.9,3617,3161,452,826,141,14,85,401,131,46,343,769,1250,63,23,27,25.1,5.1,96,96,96,0,31,834.2,788,490,424,99,423,917,8.5,1.1,4.6,9.9,2.17,834.6666666666666
2022,New Jersey Jackals,6.47,94,45,49,0.479,0.295,0.366,0.478,0.845,6,7.07,1.665,5.333,26.8,3673,3240,608,957,182,15,127,564,87,26,318,674,1550,61,26,28,25.2,6.68,94,94,90,4,19,799.1,898,628,533,111,433,836,10.1,1.2,4.9,9.4,1.93,799.3333333333334
2022,New York Boulders,7.42,95,56,37,0.602,0.292,0.38,0.501,0.88,5.22,6.11,1.508,5.042,25.2,3872,3324,705,970,214,18,148,643,110,24,409,774,1664,88,8,43,25.3,5.93,95,95,92,3,22,829.2,903,563,481,95,348,705,9.8,1,3.8,7.6,2.03,829.6666666666666
2022,Ottawa Titans,5.78,95,56,38,0.596,0.281,0.373,0.424,0.797,4.39,5.23,1.385,4.776,24.9,3737,3171,549,892,157,20,85,501,115,37,387,673,1344,101,37,41,26.8,5.02,95,95,91,4,25,820.2,856,477,400,98,281,738,9.4,1.1,3.1,8.1,2.63,820.6666666666666
2022,Schaumburg Boomers,5.56,96,53,43,0.552,0.266,0.37,0.427,0.797,4.34,5.16,1.354,4.37,26.5,3800,3208,534,852,152,41,95,490,123,25,442,790,1371,102,26,22,25.8,5,96,96,94,2,23,837,826,480,404,95,307,921,8.9,1,3.3,9.9,3,837
2022,Sussex County Miners,5.59,95,54,41,0.568,0.26,0.363,0.394,0.757,4.09,5.31,1.392,4.533,26,3621,3016,531,784,158,12,74,482,203,50,448,819,1188,64,53,40,25.9,5.04,95,95,87,8,22,811.1,834,479,369,86,295,783,9.3,1,3.3,8.7,2.65,811.3333333333334
2022,Tri-City Valley Cats,6.57,95,54,41,0.568,0.288,0.366,0.507,0.872,5.84,6.69,1.509,5.175,26.7,3680,3223,624,927,202,9,162,581,113,34,366,693,1633,51,3,37,25.8,6.35,95,95,94,1,16,810.2,875,603,526,113,348,778,9.7,1.3,3.9,8.6,2.24,810.6666666666666
2022,Washington WildThings,5.94,96,62,34,0.646,0.284,0.371,0.441,0.812,4.08,4.46,1.321,4.551,25.2,3793,3261,570,927,168,21,100,515,119,46,406,773,1437,65,25,36,25.1,4.39,96,96,96,0,27,848.2,805,421,385,80,316,758,8.5,0.8,3.4,8,2.4,848.6666666666666
2022,Windy City ThunderBolts,4.82,95,33,62,0.347,0.241,0.329,0.394,0.723,5.34,6.27,1.6,4.903,24.4,3626,3164,458,763,152,19,98,424,165,47,351,948,1247,75,11,25,25,6.08,95,95,93,2,15,829.1,945,578,492,93,382,801,10.3,1,4.1,8.7,2.1,829.3333333333334
2023,Aigles de Trois-Rivières,5.48,95,38,56,0.404,0.277,0.356,0.419,0.775,6.3,7.26,1.743,5.664,26.7,3683,3210,521,890,179,18,80,484,84,34,340,644,1345,70,31,32,25.7,6.93,95,95,92,3,11,816,984,658,571,117,438,698,10.9,1.3,4.8,7.7,1.59,816
2023,Capitales de Québec,5.72,95,61,33,0.649,0.259,0.364,0.433,0.797,4.24,4.75,1.413,4.813,26.4,3666,3090,543,799,145,14,122,505,97,33,435,759,1338,96,13,32,25.4,4.6,95,95,95,0,27,827.1,813,437,390,89,356,735,8.8,1,3.9,8,2.06,827.3333333333334
2023,Empire State Greys,4.02,95,18,77,0.189,0.241,0.313,0.36,0.673,7.39,8.19,1.857,6.321,25,3529,3153,382,759,124,17,73,356,83,29,284,874,1136,57,9,26,24.4,7.36,95,95,92,3,8,768.1,943,699,631,128,484,628,11,1.5,5.7,7.4,1.3,768.3333333333334
2023,Evansville Otters,5.51,96,52,44,0.542,0.264,0.353,0.421,0.774,4.07,4.67,1.358,4.28,25.4,3769,3247,529,857,182,27,91,478,172,35,345,806,1366,123,18,36,25.1,4.56,96,96,95,1,21,843.1,760,438,381,69,385,866,8.1,0.7,4.1,9.2,2.25,843.3333333333334
2023,Florence Y'Alls,5.39,96,38,58,0.396,0.265,0.367,0.401,0.767,5.88,6.6,1.62,5.278,25.6,3767,3172,517,842,159,12,82,475,150,48,437,739,1271,88,40,30,25.7,6.34,96,96,93,3,13,831,899,609,543,102,447,761,9.7,1.1,4.8,8.2,1.7,831
2023,Gateway Grizzlies,6.52,96,59,37,0.615,0.294,0.389,0.453,0.842,4.27,4.94,1.355,4.597,26.6,3838,3244,626,954,159,11,112,576,236,44,428,646,1471,98,32,36,26,4.76,96,96,93,3,17,832.1,801,457,395,105,327,883,8.7,1.1,3.5,9.5,2.7,832.3333333333334
2023,Joliet Slammers,4.26,96,46,50,0.479,0.242,0.336,0.364,0.7,4.4,4.92,1.345,4.554,25.7,3659,3153,409,764,133,14,74,382,125,30,389,781,1147,73,9,35,25.8,4.78,96,96,91,5,26,840.1,780,459,411,79,350,764,8.4,0.8,3.7,8.2,2.18,840.3333333333334
2023,Lake Erie Crushers,3.94,96,37,59,0.385,0.235,0.315,0.342,0.657,4.68,5.57,1.484,5.109,25.7,3555,3138,378,738,130,13,60,344,111,22,305,805,1074,69,20,23,25.5,5.39,96,96,95,1,18,834.2,818,517,434,90,421,712,8.8,1,4.5,7.7,1.69,834.6666666666666
2023,New Jersey Jackals,7.37,95,60,35,0.632,0.297,0.402,0.528,0.93,4.98,5.71,1.477,5.129,26.7,3855,3229,700,960,149,5,195,655,137,33,501,820,1704,87,5,33,25.5,5.51,95,95,91,4,17,824,841,523,456,116,376,812,9.2,1.3,4.1,8.9,2.16,824
2023,New York Boulders,5.73,96,53,43,0.552,0.275,0.368,0.451,0.819,4.98,5.54,1.516,4.861,27.4,3711,3174,550,874,188,17,112,509,132,24,411,707,1432,77,12,37,24.7,5.2,96,96,94,2,25,811.1,862,499,449,89,368,741,9.6,1,4.1,8.2,2.01,811.3333333333334
2023,Ottawa Titans,5.29,96,48,48,0.5,0.262,0.354,0.394,0.748,5.38,6.18,1.552,4.998,25.9,3710,3184,508,834,163,9,80,478,67,25,378,699,1255,94,17,37,26.5,5.88,96,96,93,3,15,822,940,564,491,104,336,729,10.3,1.1,3.7,8,2.17,822
2023,Schaumburg Boomers,5.85,95,54,41,0.568,0.278,0.375,0.386,0.76,4.46,4.96,1.442,4.817,25.4,3851,3243,556,902,156,17,53,509,178,36,457,621,1251,75,24,52,25.9,4.89,95,95,92,3,19,843,795,465,418,80,421,765,8.5,0.9,4.5,8.2,1.82,843
2023,Sussex County Miners,5.18,95,55,40,0.579,0.274,0.356,0.402,0.758,3.83,4.47,1.31,4.983,25.4,3638,3171,492,869,127,17,82,436,138,32,353,754,1276,66,18,30,25,4.26,95,95,91,4,20,816,699,405,347,89,370,692,7.7,1,4.1,7.6,1.87,816
2023,Tri-City Valley Cats,6.71,95,55,40,0.579,0.281,0.371,0.458,0.829,5.35,5.95,1.524,5.265,26.7,3816,3275,637,921,164,5,135,598,152,20,411,741,1500,83,6,41,25.5,5.79,95,95,94,1,18,831.1,876,550,494,123,391,819,9.5,1.3,4.2,8.9,2.09,831.3333333333334
2023,Washington WildThings,5.49,96,47,49,0.49,0.258,0.349,0.429,0.778,4.94,5.48,1.45,4.724,25.7,3697,3154,527,813,171,21,109,487,154,37,401,744,1353,65,35,42,25.2,5.28,96,96,92,4,15,833.1,905,507,457,81,303,638,9.8,0.9,3.3,6.9,2.11,833.3333333333334
2023,Windy City ThunderBolts,4.44,95,43,52,0.453,0.243,0.321,0.356,0.678,4.85,5.54,1.497,4.576,24.7,3592,3171,422,770,142,16,62,390,96,26,309,836,1130,70,17,25,26,5.37,95,95,93,2,18,829,830,510,447,61,411,733,9,0.7,4.5,8,1.78,829
2024,Aigles de Trois-Rivières,5.03,95,43,51,0.457,0.275,0.35,0.4,0.75,5.02,5.69,1.452,4.465,27.8,3644,3166,478,871,173,8,69,434,147,26,328,615,1267,63,36,51,26.5,5.41,95,95,93,2,16,813.1,825,514,454,74,356,746,9.1,0.8,3.9,8.3,2.1,813.3333333333334
2024,Capitales de Québec,6.09,96,64,32,0.667,0.26,0.372,0.406,0.778,3.66,4.2,1.309,3.596,26.5,3851,3197,585,831,166,8,95,530,197,43,522,789,1298,75,16,41,25.8,4.13,96,96,96,0,22,849,759,396,345,46,352,888,8,0.5,3.7,9.4,2.52,849
2024,Evansville Otters,4.85,96,40,55,0.421,0.249,0.337,0.374,0.711,4.5,5.64,1.437,4.425,25.6,3624,3141,466,782,154,12,72,431,142,28,360,798,1176,72,19,32,25.8,5.34,96,96,93,3,17,818.1,813,513,409,79,363,818,8.9,0.9,4,9,2.25,818.3333333333334
2024,Florence Y'Alls,6.16,95,44,50,0.468,0.28,0.365,0.445,0.809,5.73,6.65,1.64,5.176,25.2,3798,3290,585,921,183,22,105,555,89,23,366,820,1463,91,19,32,24.5,6.45,95,95,95,0,21,829.2,937,613,528,100,424,701,10.2,1.1,4.6,7.6,1.65,829.6666666666666
2024,Gateway Grizzlies,5.12,95,59,36,0.621,0.263,0.349,0.397,0.745,3.79,4.44,1.334,4.398,26.4,3625,3146,486,827,140,7,89,445,149,30,365,621,1248,66,17,31,25.5,4.29,95,95,92,3,28,827.1,691,408,348,79,413,878,7.5,0.9,4.5,9.6,2.13,827.3333333333334
2024,Joliet Slammers,4.44,96,38,58,0.396,0.245,0.332,0.343,0.675,4.71,5.24,1.394,4.755,24.8,3722,3227,426,791,129,15,52,385,83,24,383,753,1106,56,19,37,25.3,5.07,96,96,91,5,13,836.2,834,487,438,91,332,684,9,1,3.6,7.4,2.06,836.6666666666666
2024,Lake Erie Crushers,4.43,95,51,44,0.537,0.238,0.322,0.377,0.699,3.45,4.1,1.324,4.111,26,3515,3086,421,736,146,17,82,375,115,32,333,841,1162,61,8,27,26,3.96,95,95,92,3,23,826,740,376,317,57,354,746,8.1,0.6,3.9,8.1,2.11,826
2024,New England Knockouts,5.32,94,38,56,0.404,0.26,0.341,0.395,0.736,5.76,6.53,1.687,5.419,25,3660,3202,500,833,138,12,90,442,178,33,336,789,1265,73,16,33,25.9,6.29,94,94,86,8,13,814,895,591,521,84,478,619,9.9,0.9,5.3,6.8,1.3,814
2024,New Jersey Jackals,4.75,96,35,59,0.372,0.252,0.343,0.385,0.727,5.6,6.89,1.628,5.508,25.4,3601,3120,456,787,143,5,87,419,210,39,353,852,1201,85,25,18,25.4,6.5,96,96,94,2,11,815.1,887,624,507,111,440,682,9.8,1.2,4.9,7.5,1.55,815.3333333333334
2024,New York Boulders,5.59,96,52,43,0.547,0.279,0.368,0.414,0.782,4.57,5.13,1.373,4.425,26.5,3750,3217,537,896,161,13,83,492,107,23,428,734,1332,50,12,43,25.4,4.9,96,96,92,4,16,824.1,824,470,419,84,308,743,9,0.9,3.4,8.1,2.41,824.3333333333334
2024,Ottawa Titans,4.91,95,53,42,0.558,0.259,0.354,0.375,0.729,4.2,4.68,1.474,4.427,26.3,3600,3058,466,791,135,10,67,436,85,24,373,660,1147,104,22,43,25.7,4.39,95,95,91,4,28,802.2,808,417,375,51,375,626,9.1,0.6,4.2,7,1.67,802.6666666666666
2024,Schaumburg Boomers,5.56,96,51,45,0.531,0.264,0.366,0.383,0.749,4.5,5.16,1.449,4.395,25.9,3782,3175,534,839,156,22,59,476,126,30,466,588,1216,73,22,46,26,5,96,96,95,1,25,837.1,825,480,419,74,388,803,8.9,0.8,4.2,8.6,2.07,837.3333333333334
2024,Sussex County Miners,3.96,96,33,63,0.344,0.256,0.334,0.355,0.689,4.99,6.04,1.559,4.625,24.9,3520,3072,380,785,132,6,54,354,98,27,327,674,1091,51,41,29,25.2,5.61,96,96,94,2,20,802.2,878,539,445,82,373,730,9.8,0.9,4.2,8.2,1.96,802.6666666666666
2024,Tri-City Valley Cats,5.62,94,53,41,0.564,0.261,0.344,0.378,0.723,4.51,5.18,1.441,5.043,25.6,3676,3189,528,833,147,13,67,485,117,30,360,673,1207,63,25,39,24.9,5.07,94,94,90,4,19,829.1,832,477,416,100,363,662,9,1.1,3.9,7.2,1.82,829.3333333333334
2024,Washington WildThings,5.31,95,67,28,0.705,0.266,0.358,0.435,0.794,3.19,3.62,1.155,3.851,25.6,3665,3146,504,837,157,20,112,472,142,43,410,796,1370,60,18,31,25.4,3.55,95,95,92,3,35,839,718,337,297,71,251,798,7.7,0.8,2.7,8.6,3.18,839
2024,Windy City ThunderBolts,4.07,96,40,56,0.417,0.235,0.31,0.341,0.651,4.63,5.42,1.511,4.236,24.6,3514,3107,391,731,130,23,51,354,128,65,291,896,1060,56,37,23,24.5,5.22,96,96,93,3,20,831.1,825,501,428,51,431,775,8.9,0.6,4.7,8.4,1.8,831.3333333333334
2025,Aigles de Trois-Rivières,5.95,95,38,56,0.404,0.27,0.358,0.4,0.758,6.25,7.28,1.69,5.391,25.9,3742,3232,565,872,166,4,82,520,174,25,400,713,1292,63,12,35,25.5,6.96,95,95,95,0,11,817,957,661,567,87,424,705,10.5,1,4.7,7.8,1.66,817
2025,Brockton Rox,4.8,92,38,54,0.413,0.263,0.346,0.387,0.733,5.38,6.34,1.659,5.222,24.7,3431,3003,442,791,138,12,70,399,102,23,311,652,1163,77,20,20,24,5.87,92,92,90,2,17,766.1,804,540,458,68,467,704,9.4,0.8,5.5,8.3,1.51,766.3333333333334
2025,Capitales de Québec,6.44,96,67,29,0.698,0.286,0.39,0.447,0.836,3.79,4.38,1.224,4.27,26.6,3884,3216,618,919,204,11,97,564,99,31,505,664,1436,81,23,59,26.2,4.26,96,96,94,2,25,840.2,741,409,354,75,288,824,7.9,0.8,3.1,8.8,2.86,840.6666666666666
2025,Down East Bird Dawgs,4.79,95,37,55,0.402,0.248,0.333,0.368,0.701,5.98,6.89,1.667,5.464,25,3611,3127,455,774,121,3,83,420,127,29,337,753,1150,87,13,47,24.8,6.54,95,95,91,4,16,811.2,855,621,539,61,498,610,9.5,0.7,5.5,6.8,1.22,811.6666666666666
2025,Evansville Otters,5.25,96,40,56,0.417,0.26,0.344,0.409,0.753,5.66,6.36,1.568,4.82,24.6,3713,3211,504,836,157,13,98,465,103,25,354,807,1313,76,37,35,25.2,6.09,96,96,95,1,19,827.1,923,585,520,87,374,840,10,0.9,4.1,9.1,2.25,827.3333333333334
2025,Florence Y'Alls,6.07,96,43,52,0.453,0.277,0.371,0.435,0.805,5.48,6.6,1.588,5.395,24.7,3817,3255,583,902,169,10,108,534,131,31,412,820,1415,94,19,37,24.6,6.28,96,96,93,3,19,822.2,926,603,501,94,380,620,10.1,1,4.2,6.8,1.63,822.6666666666666
2025,Gateway Grizzlies,6.26,96,56,39,0.589,0.282,0.369,0.425,0.794,4.51,5.23,1.464,5.009,25.5,3767,3225,601,908,152,7,99,548,135,45,377,602,1371,95,27,43,26.3,5.08,96,96,93,3,24,839.2,830,488,421,91,399,762,8.9,1,4.3,8.2,1.91,839.6666666666666
2025,Joliet Slammers,4.52,96,44,52,0.458,0.253,0.344,0.341,0.685,4.61,5.28,1.362,5.019,25.8,3659,3155,434,797,132,19,36,381,104,30,388,687,1075,65,24,27,25.7,5,96,96,92,4,20,818,806,480,419,93,308,666,8.9,1,3.4,7.3,2.16,818
2025,Lake Erie Crushers,5.27,94,52,42,0.553,0.262,0.358,0.395,0.753,3.96,4.7,1.352,4.602,25.8,3729,3176,495,833,154,13,80,433,111,31,413,727,1253,82,21,37,26.8,4.59,94,94,92,2,23,825,726,431,363,60,389,775,7.9,0.7,4.2,8.5,1.99,825
2025,Mississippi Mud Monsters,4.99,96,49,47,0.51,0.261,0.349,0.359,0.708,4.67,5.72,1.549,4.648,24.6,3609,3122,479,814,130,15,49,410,178,52,349,600,1121,89,19,30,25.2,5.44,96,96,91,5,30,821,836,522,426,54,436,761,9.2,0.6,4.8,8.3,1.75,821
2025,New Jersey Jackals,4.26,93,28,64,0.304,0.24,0.332,0.352,0.684,6.07,7.01,1.612,5.852,25.1,3378,2915,396,701,115,6,66,351,124,46,338,763,1026,70,33,22,25.3,6.48,93,93,88,5,10,773.2,831,603,522,105,416,625,9.7,1.2,4.8,7.3,1.5,773.6666666666666
2025,New York Boulders,6.33,95,52,43,0.547,0.284,0.381,0.424,0.805,5.28,6.1,1.59,5.137,25.9,3759,3190,601,907,181,10,82,550,165,32,417,665,1354,103,13,36,25,5.8,95,95,90,5,20,813,893,551,477,80,400,691,9.9,0.9,4.4,7.6,1.73,813
2025,Ottawa Titans,5.34,96,51,45,0.531,0.259,0.36,0.374,0.734,5.32,5.81,1.572,4.671,25.5,3767,3187,513,824,162,11,61,456,93,25,401,684,1191,125,21,33,26.2,5.57,96,96,94,2,26,829.1,924,535,490,55,380,688,10,0.6,4.1,7.5,1.81,829.3333333333334
2025,Schaumburg Boomers,7.15,96,57,38,0.6,0.284,0.387,0.458,0.845,5.42,6.21,1.56,4.802,25.5,3907,3280,686,931,186,19,116,631,107,12,493,735,1503,75,33,26,25.8,5.92,96,95,91,4,19,823,904,568,496,71,380,741,9.9,0.8,4.2,8.1,1.95,823
2025,Sussex County Miners,6.05,96,53,42,0.558,0.284,0.38,0.415,0.795,4.4,5.16,1.409,4.917,24.5,3787,3178,581,904,152,31,67,515,139,38,411,701,1319,106,47,45,25.5,4.95,96,96,92,4,19,828.1,834,475,405,89,333,704,9.1,1,3.6,7.6,2.11,828.3333333333334
2025,Tri-City Valley Cats,6.17,96,62,33,0.653,0.284,0.376,0.429,0.805,4.11,4.53,1.371,5.096,25.2,3742,3161,592,897,169,21,83,537,142,43,410,620,1357,83,41,47,24.4,4.32,96,96,90,6,23,824.2,793,415,377,83,338,610,8.7,0.9,3.7,6.7,1.8,824.6666666666666
2025,Washington WildThings,5.7,96,54,42,0.563,0.273,0.366,0.411,0.777,4.55,5.03,1.394,5.052,25.3,3761,3208,547,877,170,15,81,506,82,46,416,710,1320,68,41,28,25.1,4.86,96,96,93,3,24,836.1,810,467,423,90,356,681,8.7,1,3.8,7.3,1.91,836.3333333333334
2025,Windy City ThunderBolts,4.28,96,36,60,0.375,0.241,0.319,0.357,0.676,5.19,5.98,1.588,5.266,25.1,3580,3155,411,759,135,18,65,381,170,48,295,822,1125,85,14,31,24.7,5.7,96,96,91,5,22,823,846,547,475,80,461,715,9.3,0.9,5,7.8,1.55,823
